platform,run_id,workload,roi,status,samples_successful,samples_failed,meets_sample_policy,repeat_kind,retired_per_sample,cpi_median,cpi_min,cpi_max,cycles_median,derived_ips_median,derived_ips_kind,frequency_hz,frequency_source,units_cpi,evidence
board,2026-09-21-board-s3-b0,perf01_cpi,alu,reported,5,0,True,same-session,30002,40.3421,40.3215,40.3617,1210343,991520.6,model-derived,40000000,configured,cycles/instruction,experiments/B0-measurement/runs/2026-09-21-board-s3-b0/raw/perf01_cpi.1.out;experiments/B0-measurement/runs/2026-09-21-board-s3-b0/raw/perf01_cpi.2.out;experiments/B0-measurement/runs/2026-09-21-board-s3-b0/raw/perf01_cpi.3.out;experiments/B0-measurement/runs/2026-09-21-board-s3-b0/raw/perf01_cpi.4.out;experiments/B0-measurement/runs/2026-09-21-board-s3-b0/raw/perf01_cpi.5.out
board,2026-09-21-board-s3-b0,perf01_cpi,load,reported,5,0,True,same-session,30002,46.6769,46.6668,46.7027,1400400,856955.2,model-derived,40000000,configured,cycles/instruction,experiments/B0-measurement/runs/2026-09-21-board-s3-b0/raw/perf01_cpi.1.out;experiments/B0-measurement/runs/2026-09-21-board-s3-b0/raw/perf01_cpi.2.out;experiments/B0-measurement/runs/2026-09-21-board-s3-b0/raw/perf01_cpi.3.out;experiments/B0-measurement/runs/2026-09-21-board-s3-b0/raw/perf01_cpi.4.out;experiments/B0-measurement/runs/2026-09-21-board-s3-b0/raw/perf01_cpi.5.out
board,2026-09-21-board-s3-b0,perf01_cpi,store,reported,5,0,True,same-session,30002,46.1783,46.1392,46.1824,1385442,866207.3,model-derived,40000000,configured,cycles/instruction,experiments/B0-measurement/runs/2026-09-21-board-s3-b0/raw/perf01_cpi.1.out;experiments/B0-measurement/runs/2026-09-21-board-s3-b0/raw/perf01_cpi.2.out;experiments/B0-measurement/runs/2026-09-21-board-s3-b0/raw/perf01_cpi.3.out;experiments/B0-measurement/runs/2026-09-21-board-s3-b0/raw/perf01_cpi.4.out;experiments/B0-measurement/runs/2026-09-21-board-s3-b0/raw/perf01_cpi.5.out
board,2026-09-21-board-s3-b0,perf02_sv39,bare_alu,reported,5,0,True,same-session,30002,40.3316,40.3258,40.3523,1210030,991777.1,model-derived,40000000,configured,cycles/instruction,experiments/B0-measurement/runs/2026-09-21-board-s3-b0/raw/perf02_sv39.1.out;experiments/B0-measurement/runs/2026-09-21-board-s3-b0/raw/perf02_sv39.2.out;experiments/B0-measurement/runs/2026-09-21-board-s3-b0/raw/perf02_sv39.3.out;experiments/B0-measurement/runs/2026-09-21-board-s3-b0/raw/perf02_sv39.4.out;experiments/B0-measurement/runs/2026-09-21-board-s3-b0/raw/perf02_sv39.5.out
board,2026-09-21-board-s3-b0,perf02_sv39,bare_load,reported,5,0,True,same-session,30002,46.8405,46.8336,46.8566,1405308,853962.3,model-derived,40000000,configured,cycles/instruction,experiments/B0-measurement/runs/2026-09-21-board-s3-b0/raw/perf02_sv39.1.out;experiments/B0-measurement/runs/2026-09-21-board-s3-b0/raw/perf02_sv39.2.out;experiments/B0-measurement/runs/2026-09-21-board-s3-b0/raw/perf02_sv39.3.out;experiments/B0-measurement/runs/2026-09-21-board-s3-b0/raw/perf02_sv39.4.out;experiments/B0-measurement/runs/2026-09-21-board-s3-b0/raw/perf02_sv39.5.out
board,2026-09-21-board-s3-b0,perf02_sv39,mega_alu,reported,5,0,True,same-session,30002,82.6195,82.6081,82.6359,2478751,484147.1,model-derived,40000000,configured,cycles/instruction,experiments/B0-measurement/runs/2026-09-21-board-s3-b0/raw/perf02_sv39.1.out;experiments/B0-measurement/runs/2026-09-21-board-s3-b0/raw/perf02_sv39.2.out;experiments/B0-measurement/runs/2026-09-21-board-s3-b0/raw/perf02_sv39.3.out;experiments/B0-measurement/runs/2026-09-21-board-s3-b0/raw/perf02_sv39.4.out;experiments/B0-measurement/runs/2026-09-21-board-s3-b0/raw/perf02_sv39.5.out
board,2026-09-21-board-s3-b0,perf02_sv39,mega_load,reported,5,0,True,same-session,30002,96.2189,96.1755,96.2464,2886759,415718.8,model-derived,40000000,configured,cycles/instruction,experiments/B0-measurement/runs/2026-09-21-board-s3-b0/raw/perf02_sv39.1.out;experiments/B0-measurement/runs/2026-09-21-board-s3-b0/raw/perf02_sv39.2.out;experiments/B0-measurement/runs/2026-09-21-board-s3-b0/raw/perf02_sv39.3.out;experiments/B0-measurement/runs/2026-09-21-board-s3-b0/raw/perf02_sv39.4.out;experiments/B0-measurement/runs/2026-09-21-board-s3-b0/raw/perf02_sv39.5.out
board,2026-09-21-board-s3-b0,perf02_sv39,k4_alu,reported,5,0,True,same-session,30002,161.2964,161.2722,161.3276,4839216,247990.6,model-derived,40000000,configured,cycles/instruction,experiments/B0-measurement/runs/2026-09-21-board-s3-b0/raw/perf02_sv39.1.out;experiments/B0-measurement/runs/2026-09-21-board-s3-b0/raw/perf02_sv39.2.out;experiments/B0-measurement/runs/2026-09-21-board-s3-b0/raw/perf02_sv39.3.out;experiments/B0-measurement/runs/2026-09-21-board-s3-b0/raw/perf02_sv39.4.out;experiments/B0-measurement/runs/2026-09-21-board-s3-b0/raw/perf02_sv39.5.out
board,2026-09-21-board-s3-b0,perf02_sv39,k4_load,reported,5,0,True,same-session,30002,188.1450,188.1138,188.1706,5644727,212602.0,model-derived,40000000,configured,cycles/instruction,experiments/B0-measurement/runs/2026-09-21-board-s3-b0/raw/perf02_sv39.1.out;experiments/B0-measurement/runs/2026-09-21-board-s3-b0/raw/perf02_sv39.2.out;experiments/B0-measurement/runs/2026-09-21-board-s3-b0/raw/perf02_sv39.3.out;experiments/B0-measurement/runs/2026-09-21-board-s3-b0/raw/perf02_sv39.4.out;experiments/B0-measurement/runs/2026-09-21-board-s3-b0/raw/perf02_sv39.5.out
board,2026-09-21-board-s3-b0,perf03_fetch,insn32,reported,5,0,True,same-session,30002,40.3347,40.3309,40.3459,1210122,991701.7,model-derived,40000000,configured,cycles/instruction,experiments/B0-measurement/runs/2026-09-21-board-s3-b0/raw/perf03_fetch.1.out;experiments/B0-measurement/runs/2026-09-21-board-s3-b0/raw/perf03_fetch.2.out;experiments/B0-measurement/runs/2026-09-21-board-s3-b0/raw/perf03_fetch.3.out;experiments/B0-measurement/runs/2026-09-21-board-s3-b0/raw/perf03_fetch.4.out;experiments/B0-measurement/runs/2026-09-21-board-s3-b0/raw/perf03_fetch.5.out
board,2026-09-21-board-s3-b0,perf03_fetch,insn16,reported,5,0,True,same-session,30002,21.6450,21.6341,21.6544,649393,1848002.7,model-derived,40000000,configured,cycles/instruction,experiments/B0-measurement/runs/2026-09-21-board-s3-b0/raw/perf03_fetch.1.out;experiments/B0-measurement/runs/2026-09-21-board-s3-b0/raw/perf03_fetch.2.out;experiments/B0-measurement/runs/2026-09-21-board-s3-b0/raw/perf03_fetch.3.out;experiments/B0-measurement/runs/2026-09-21-board-s3-b0/raw/perf03_fetch.4.out;experiments/B0-measurement/runs/2026-09-21-board-s3-b0/raw/perf03_fetch.5.out
board,2026-09-21-board-s3-b0,perf04_where,load_dram,reported,5,0,True,same-session,30002,46.6815,46.6709,46.7077,1400538,856870.7,model-derived,40000000,configured,cycles/instruction,experiments/B0-measurement/runs/2026-09-21-board-s3-b0/raw/perf04_where.1.out;experiments/B0-measurement/runs/2026-09-21-board-s3-b0/raw/perf04_where.2.out;experiments/B0-measurement/runs/2026-09-21-board-s3-b0/raw/perf04_where.3.out;experiments/B0-measurement/runs/2026-09-21-board-s3-b0/raw/perf04_where.4.out;experiments/B0-measurement/runs/2026-09-21-board-s3-b0/raw/perf04_where.5.out
board,2026-09-21-board-s3-b0,perf04_where,load_clint,reported,5,0,True,same-session,30002,42.8313,42.8053,42.8646,1285026,933895.5,model-derived,40000000,configured,cycles/instruction,experiments/B0-measurement/runs/2026-09-21-board-s3-b0/raw/perf04_where.1.out;experiments/B0-measurement/runs/2026-09-21-board-s3-b0/raw/perf04_where.2.out;experiments/B0-measurement/runs/2026-09-21-board-s3-b0/raw/perf04_where.3.out;experiments/B0-measurement/runs/2026-09-21-board-s3-b0/raw/perf04_where.4.out;experiments/B0-measurement/runs/2026-09-21-board-s3-b0/raw/perf04_where.5.out
board,2026-09-21-board-s3-historical,perf01_cpi,alu,reported,1,0,False,same-session,30002,40.3317,40.3317,40.3317,1210032,991775.4,model-derived,40000000,configured,cycles/instruction,experiments/B0-measurement/runs/2026-09-21-board-s3-historical/raw/perf01_cpi.1.out
board,2026-09-21-board-s3-historical,perf01_cpi,load,reported,1,0,False,same-session,30002,46.6932,46.6932,46.6932,1400890,856655.4,model-derived,40000000,configured,cycles/instruction,experiments/B0-measurement/runs/2026-09-21-board-s3-historical/raw/perf01_cpi.1.out
board,2026-09-21-board-s3-historical,perf01_cpi,store,reported,1,0,False,same-session,30002,46.1758,46.1758,46.1758,1385365,866255.5,model-derived,40000000,configured,cycles/instruction,experiments/B0-measurement/runs/2026-09-21-board-s3-historical/raw/perf01_cpi.1.out
board,2026-09-21-board-s3-historical,perf02_sv39,bare_alu,reported,1,0,False,same-session,30002,40.3335,40.3335,40.3335,1210085,991732.0,model-derived,40000000,configured,cycles/instruction,experiments/B0-measurement/runs/2026-09-21-board-s3-historical/raw/perf02_sv39.1.out
board,2026-09-21-board-s3-historical,perf02_sv39,bare_load,reported,1,0,False,same-session,30002,46.8380,46.8380,46.8380,1405233,854007.8,model-derived,40000000,configured,cycles/instruction,experiments/B0-measurement/runs/2026-09-21-board-s3-historical/raw/perf02_sv39.1.out
board,2026-09-21-board-s3-historical,perf02_sv39,mega_alu,reported,1,0,False,same-session,30002,82.6252,82.6252,82.6252,2478922,484113.7,model-derived,40000000,configured,cycles/instruction,experiments/B0-measurement/runs/2026-09-21-board-s3-historical/raw/perf02_sv39.1.out
board,2026-09-21-board-s3-historical,perf02_sv39,mega_load,reported,1,0,False,same-session,30002,96.1955,96.1955,96.1955,2886058,415819.8,model-derived,40000000,configured,cycles/instruction,experiments/B0-measurement/runs/2026-09-21-board-s3-historical/raw/perf02_sv39.1.out
board,2026-09-21-board-s3-historical,perf02_sv39,k4_alu,reported,1,0,False,same-session,30002,161.2599,161.2599,161.2599,4838119,248046.8,model-derived,40000000,configured,cycles/instruction,experiments/B0-measurement/runs/2026-09-21-board-s3-historical/raw/perf02_sv39.1.out
board,2026-09-21-board-s3-historical,perf02_sv39,k4_load,reported,1,0,False,same-session,30002,188.0944,188.0944,188.0944,5643209,212659.1,model-derived,40000000,configured,cycles/instruction,experiments/B0-measurement/runs/2026-09-21-board-s3-historical/raw/perf02_sv39.1.out
board,2026-09-21-board-s3-historical,perf03_fetch,insn32,reported,1,0,False,same-session,30002,40.3228,40.3228,40.3228,1209764,991995.1,model-derived,40000000,configured,cycles/instruction,experiments/B0-measurement/runs/2026-09-21-board-s3-historical/raw/perf03_fetch.1.out
board,2026-09-21-board-s3-historical,perf03_fetch,insn16,reported,1,0,False,same-session,30002,21.6099,21.6099,21.6099,648341,1851001.2,model-derived,40000000,configured,cycles/instruction,experiments/B0-measurement/runs/2026-09-21-board-s3-historical/raw/perf03_fetch.1.out
board,2026-09-21-board-s3-historical,perf04_where,load_dram,reported,1,0,False,same-session,30002,46.8973,46.8973,46.8973,1407014,852926.8,model-derived,40000000,configured,cycles/instruction,experiments/B0-measurement/runs/2026-09-21-board-s3-historical/raw/perf04_where.1.out
board,2026-09-21-board-s3-historical,perf04_where,load_clint,reported,1,0,False,same-session,30002,42.9362,42.9362,42.9362,1288172,931614.7,model-derived,40000000,configured,cycles/instruction,experiments/B0-measurement/runs/2026-09-21-board-s3-historical/raw/perf04_where.1.out
simulator,2026-09-21-sim-boot3,perf01_cpi,alu,reported,3,0,True,same-session,30002,19.3946,19.3946,19.3946,581877,2062429.0,model-derived,40000000,configured,cycles/instruction,experiments/B0-measurement/runs/2026-09-21-sim-boot3/raw/perf01_cpi.1.out;experiments/B0-measurement/runs/2026-09-21-sim-boot3/raw/perf01_cpi.2.out;experiments/B0-measurement/runs/2026-09-21-sim-boot3/raw/perf01_cpi.3.out
simulator,2026-09-21-sim-boot3,perf01_cpi,load,reported,3,0,True,same-session,30002,21.8370,21.8370,21.8370,655153,1831755.3,model-derived,40000000,configured,cycles/instruction,experiments/B0-measurement/runs/2026-09-21-sim-boot3/raw/perf01_cpi.1.out;experiments/B0-measurement/runs/2026-09-21-sim-boot3/raw/perf01_cpi.2.out;experiments/B0-measurement/runs/2026-09-21-sim-boot3/raw/perf01_cpi.3.out
simulator,2026-09-21-sim-boot3,perf01_cpi,store,reported,3,0,True,same-session,30002,21.8370,21.8370,21.8370,655154,1831752.5,model-derived,40000000,configured,cycles/instruction,experiments/B0-measurement/runs/2026-09-21-sim-boot3/raw/perf01_cpi.1.out;experiments/B0-measurement/runs/2026-09-21-sim-boot3/raw/perf01_cpi.2.out;experiments/B0-measurement/runs/2026-09-21-sim-boot3/raw/perf01_cpi.3.out
simulator,2026-09-21-sim-boot3,perf02_sv39,bare_alu,reported,3,0,True,same-session,30002,19.3947,19.3947,19.3947,581881,2062414.8,model-derived,40000000,configured,cycles/instruction,experiments/B0-measurement/runs/2026-09-21-sim-boot3/raw/perf02_sv39.1.out;experiments/B0-measurement/runs/2026-09-21-sim-boot3/raw/perf02_sv39.2.out;experiments/B0-measurement/runs/2026-09-21-sim-boot3/raw/perf02_sv39.3.out
simulator,2026-09-21-sim-boot3,perf02_sv39,bare_load,reported,3,0,True,same-session,30002,21.8371,21.8371,21.8371,655156,1831746.9,model-derived,40000000,configured,cycles/instruction,experiments/B0-measurement/runs/2026-09-21-sim-boot3/raw/perf02_sv39.1.out;experiments/B0-measurement/runs/2026-09-21-sim-boot3/raw/perf02_sv39.2.out;experiments/B0-measurement/runs/2026-09-21-sim-boot3/raw/perf02_sv39.3.out
simulator,2026-09-21-sim-boot3,perf02_sv39,mega_alu,reported,3,0,True,same-session,30002,39.8374,39.8374,39.8374,1195203,1004080.5,model-derived,40000000,configured,cycles/instruction,experiments/B0-measurement/runs/2026-09-21-sim-boot3/raw/perf02_sv39.1.out;experiments/B0-measurement/runs/2026-09-21-sim-boot3/raw/perf02_sv39.2.out;experiments/B0-measurement/runs/2026-09-21-sim-boot3/raw/perf02_sv39.3.out
simulator,2026-09-21-sim-boot3,perf02_sv39,mega_load,reported,3,0,True,same-session,30002,45.3537,45.3537,45.3537,1360701,881957.2,model-derived,40000000,configured,cycles/instruction,experiments/B0-measurement/runs/2026-09-21-sim-boot3/raw/perf02_sv39.1.out;experiments/B0-measurement/runs/2026-09-21-sim-boot3/raw/perf02_sv39.2.out;experiments/B0-measurement/runs/2026-09-21-sim-boot3/raw/perf02_sv39.3.out
simulator,2026-09-21-sim-boot3,perf02_sv39,k4_alu,reported,3,0,True,same-session,30002,73.0909,73.0909,73.0909,2192874,547263.5,model-derived,40000000,configured,cycles/instruction,experiments/B0-measurement/runs/2026-09-21-sim-boot3/raw/perf02_sv39.1.out;experiments/B0-measurement/runs/2026-09-21-sim-boot3/raw/perf02_sv39.2.out;experiments/B0-measurement/runs/2026-09-21-sim-boot3/raw/perf02_sv39.3.out
simulator,2026-09-21-sim-boot3,perf02_sv39,k4_load,reported,3,0,True,same-session,30002,84.2293,84.2293,84.2293,2527047,474894.2,model-derived,40000000,configured,cycles/instruction,experiments/B0-measurement/runs/2026-09-21-sim-boot3/raw/perf02_sv39.1.out;experiments/B0-measurement/runs/2026-09-21-sim-boot3/raw/perf02_sv39.2.out;experiments/B0-measurement/runs/2026-09-21-sim-boot3/raw/perf02_sv39.3.out
simulator,2026-09-21-sim-boot3,perf03_fetch,insn32,reported,3,0,True,same-session,30002,19.3945,19.3945,19.3945,581875,2062436.1,model-derived,40000000,configured,cycles/instruction,experiments/B0-measurement/runs/2026-09-21-sim-boot3/raw/perf03_fetch.1.out;experiments/B0-measurement/runs/2026-09-21-sim-boot3/raw/perf03_fetch.2.out;experiments/B0-measurement/runs/2026-09-21-sim-boot3/raw/perf03_fetch.3.out
simulator,2026-09-21-sim-boot3,perf03_fetch,insn16,reported,3,0,True,same-session,30002,11.0832,11.0832,11.0832,332517,3609078.6,model-derived,40000000,configured,cycles/instruction,experiments/B0-measurement/runs/2026-09-21-sim-boot3/raw/perf03_fetch.1.out;experiments/B0-measurement/runs/2026-09-21-sim-boot3/raw/perf03_fetch.2.out;experiments/B0-measurement/runs/2026-09-21-sim-boot3/raw/perf03_fetch.3.out
simulator,2026-09-21-sim-boot3,perf04_where,load_dram,reported,3,0,True,same-session,30002,21.8364,21.8364,21.8364,655136,1831802.9,model-derived,40000000,configured,cycles/instruction,experiments/B0-measurement/runs/2026-09-21-sim-boot3/raw/perf04_where.1.out;experiments/B0-measurement/runs/2026-09-21-sim-boot3/raw/perf04_where.2.out;experiments/B0-measurement/runs/2026-09-21-sim-boot3/raw/perf04_where.3.out
simulator,2026-09-21-sim-boot3,perf04_where,load_clint,reported,3,0,True,same-session,30002,21.7402,21.7402,21.7402,652248,1839913.7,model-derived,40000000,configured,cycles/instruction,experiments/B0-measurement/runs/2026-09-21-sim-boot3/raw/perf04_where.1.out;experiments/B0-measurement/runs/2026-09-21-sim-boot3/raw/perf04_where.2.out;experiments/B0-measurement/runs/2026-09-21-sim-boot3/raw/perf04_where.3.out
